state,act_17_participation,act_17_english,act_17_math,act_17_reading,act_17_science,act_17_comp,sat_17_participation,sat_17_ebrw,sat_17_math,sat_17_total
Alabama,100,18.9,18.4,19.7,19.4,19.2,5,593,572,1165
Alaska,65,18.7,19.8,20.4,19.9,19.8,38,547,533,1080
Arizona,62,18.6,19.8,20.1,19.8,19.7,30,563,553,1116
Arkansas,100,18.9,19.0,19.7,19.5,19.4,3,614,594,1208
California,31,22.5,22.7,23.1,22.2,22.8,53,531,524,1055
Colorado,100,20.1,20.3,21.2,20.9,20.8,11,606,595,1201
Connecticut,31,25.5,24.6,25.6,24.6,25.2,100,530,512,1041
Delaware,18,24.1,23.4,24.8,23.6,24.1,100,503,492,996
District of Columbia,32,24.4,23.5,24.9,23.5,24.2,100,482,468,950
Florida,73,19.0,19.4,21.0,19.4,19.8,83,520,497,1017
Georgia,55,21.0,20.9,22.0,21.3,21.4,61,535,515,1050
Hawaii,90,17.8,19.2,19.2,19.3,19.0,55,544,541,1085
Idaho,38,21.9,21.8,23.0,22.1,22.3,93,513,493,1005
Illinois,93,21.0,21.2,21.6,21.3,21.4,9,559,556,1115
Indiana,35,22.0,22.4,23.2,22.3,22.6,63,542,532,1074
Iowa,67,21.2,21.3,22.6,22.1,21.9,2,641,635,1275
Kansas,73,21.1,21.3,22.3,21.7,21.7,4,632,628,1260
Kentucky,100,19.6,19.4,20.5,20.1,20.0,4,631,616,1247
Louisiana,100,19.4,18.8,19.8,19.6,19.5,4,611,586,1198
Maine,8,24.2,24.0,24.8,23.7,24.3,95,513,499,1012
Maryland,28,23.3,23.1,24.2,23.2,23.6,69,536,524,1060
Massachusetts,29,25.4,25.3,25.9,24.7,25.4,76,555,551,1107
Michigan,29,24.1,23.7,24.5,23.8,24.1,100,509,495,1005
Minnesota,100,20.4,21.5,21.8,21.6,21.5,3,644,651,1295
Mississippi,100,18.2,18.1,18.8,18.8,18.6,2,634,607,1242
Missouri,100,19.8,19.9,20.8,20.5,20.4,3,640,631,1271
Montana,100,19.0,20.2,21.0,20.5,20.3,10,605,591,1196
Nebraska,84,20.9,20.9,21.9,21.5,21.4,3,629,625,1253
Nevada,100,16.3,18.0,18.1,18.2,17.8,26,563,553,1116
New Hampshire,18,25.4,25.1,26.0,24.9,25.5,96,532,520,1052
New Jersey,34,23.8,23.8,24.1,23.2,23.9,70,530,526,1056
New Mexico,66,18.6,19.4,20.4,20.0,19.7,11,577,561,1138
New York,31,23.8,24.0,24.6,23.9,24.2,67,528,523,1052
North Carolina,100,17.8,19.3,19.6,19.3,19.1,49,546,535,1081
North Dakota,98,19.0,20.4,20.5,20.6,20.3,2,635,621,1256
Ohio,75,21.2,21.6,22.5,22.0,22.0,12,578,570,1149
Oklahoma,100,18.5,18.8,20.1,19.6,19.4,7,530,517,1047
Oregon,40,21.2,21.5,22.4,21.7,21.8,43,560,548,1108
Pennsylvania,23,23.4,23.4,24.2,23.3,23.7,65,540,531,1071
Rhode Island,21,24.0,23.3,24.7,23.4,24.0,71,539,524,1062
South Carolina,100,17.5,18.6,19.1,18.9,18.7,50,543,521,1064
South Dakota,80,20.7,21.5,22.3,22.0,21.8,3,612,603,1216
Tennessee,100,19.5,19.2,20.1,19.9,19.8,5,623,604,1228
Texas,45,19.5,20.7,21.1,20.9,20.7,62,513,507,1020
Utah,100,19.5,19.9,20.8,20.6,20.3,3,624,614,1238
Vermont,29,23.3,23.1,24.4,23.2,23.6,60,562,551,1114
Virginia,29,23.5,23.3,24.6,23.5,23.8,65,561,541,1102
Washington,29,20.9,21.9,22.1,22.0,21.9,64,541,534,1075
West Virginia,69,20.0,19.4,21.2,20.5,20.4,14,558,528,1086
Wisconsin,100,19.7,20.4,20.6,20.9,20.5,3,642,649,1291
Wyoming,100,19.4,19.8,20.8,20.6,20.2,3,626,604,1230
