state,act_17_participation,act_17_english,act_17_math,act_17_reading,act_17_science,act_17_comp,sat_17_participation,sat_17_ebrw,sat_17_math,sat_17_total,act_18_participation,act_18_comp,act_18_english,act_18_math,act_18_reading,act_18_science,sat_18_participation,sat_18_ebrw,sat_18_math,sat_18_total
Alabama,100,18.9,18.4,19.7,19.4,19.2,5,593,572,1165,100,19.1,18.9,18.3,19.6,19.0,6,595,571,1166
Alaska,65,18.7,19.8,20.4,19.9,19.8,38,547,533,1080,33,20.8,19.8,20.6,21.6,20.7,43,562,544,1106
Arizona,62,18.6,19.8,20.1,19.8,19.7,30,563,553,1116,66,19.2,18.2,19.4,19.5,19.2,29,577,572,1149
Arkansas,100,18.9,19.0,19.7,19.5,19.4,3,614,594,1208,100,19.4,19.1,18.9,19.7,19.4,5,592,576,1169
California,31,22.5,22.7,23.1,22.2,22.8,53,531,524,1055,27,22.7,22.5,22.5,23.0,22.1,60,540,536,1076
Colorado,100,20.1,20.3,21.2,20.9,20.8,11,606,595,1201,30,23.9,23.9,23.2,24.4,23.5,100,519,506,1025
Connecticut,31,25.5,24.6,25.6,24.6,25.2,100,530,512,1041,26,25.6,26.0,24.8,26.1,24.9,100,535,519,1053
Delaware,18,24.1,23.4,24.8,23.6,24.1,100,503,492,996,17,23.8,23.7,23.1,24.5,23.4,100,505,492,998
District of Columbia,32,24.4,23.5,24.9,23.5,24.2,100,482,468,950,32,23.6,23.7,22.7,24.4,23.0,92,497,480,977
Florida,73,19.0,19.4,21.0,19.4,19.8,83,520,497,1017,66,19.9,19.2,19.3,21.1,19.5,97,522,493,1014
Georgia,55,21.0,20.9,22.0,21.3,21.4,61,535,515,1050,53,21.4,20.9,20.7,22.1,21.2,70,542,522,1064
Hawaii,90,17.8,19.2,19.2,19.3,19.0,55,544,541,1085,89,18.9,18.2,19.0,19.1,19.0,56,550,549,1099
Idaho,38,21.9,21.8,23.0,22.1,22.3,93,513,493,1005,36,22.3,21.9,21.6,23.2,22.1,100,508,493,1001
Illinois,93,21.0,21.2,21.6,21.3,21.4,9,559,556,1115,43,23.9,24.1,23.4,24.2,23.4,99,513,506,1019
Indiana,35,22.0,22.4,23.2,22.3,22.6,63,542,532,1074,32,22.5,21.9,22.3,23.1,22.2,63,546,539,1089
Iowa,67,21.2,21.3,22.6,22.1,21.9,2,641,635,1275,68,21.8,21.0,21.2,22.5,22.0,3,634,631,1265
Kansas,73,21.1,21.3,22.3,21.7,21.7,4,632,628,1260,71,21.6,21.0,21.1,22.3,21.5,4,633,631,1265
Kentucky,100,19.6,19.4,20.5,20.1,20.0,4,631,616,1247,100,20.2,19.9,19.7,20.8,20.1,4,630,618,1248
Louisiana,100,19.4,18.8,19.8,19.6,19.5,4,611,586,1198,100,19.2,19.0,18.5,19.6,19.1,4,615,595,1210
Maine,8,24.2,24.0,24.8,23.7,24.3,95,513,499,1012,7,24.0,23.8,23.6,24.7,23.4,99,512,501,1013
Maryland,28,23.3,23.1,24.2,23.2,23.6,69,536,524,1060,31,22.5,22.1,22.0,23.1,22.2,76,545,535,1080
Massachusetts,29,25.4,25.3,25.9,24.7,25.4,76,555,551,1107,25,25.5,25.5,25.2,25.9,24.7,80,562,563,1125
Michigan,29,24.1,23.7,24.5,23.8,24.1,100,509,495,1005,22,24.4,24.5,23.9,24.7,23.9,100,511,499,1011
Minnesota,100,20.4,21.5,21.8,21.6,21.5,3,644,651,1295,99,21.3,20.2,21.4,21.7,21.4,4,643,655,1298
Mississippi,100,18.2,18.1,18.8,18.8,18.6,2,634,607,1242,100,18.6,18.2,18.1,18.9,18.6,3,630,606,1236
Missouri,100,19.8,19.9,20.8,20.5,20.4,3,640,631,1271,100,20.0,19.5,19.7,20.5,20.0,4,633,629,1262
Montana,100,19.0,20.2,21.0,20.5,20.3,10,605,591,1196,100,20.0,18.7,19.9,20.7,20.0,10,606,592,1198
Nebraska,84,20.9,20.9,21.9,21.5,21.4,3,629,625,1253,100,20.1,19.4,19.8,20.4,20.1,3,629,623,1252
Nevada,100,16.3,18.0,18.1,18.2,17.8,26,563,553,1116,100,17.7,16.6,17.8,18.0,17.9,23,574,566,1140
New Hampshire,18,25.4,25.1,26.0,24.9,25.5,96,532,520,1052,16,25.1,25.1,24.7,25.6,24.4,96,535,528,1063
New Jersey,34,23.8,23.8,24.1,23.2,23.9,70,530,526,1056,31,23.7,23.8,23.6,24.0,23.0,82,547,547,1094
New Mexico,66,18.6,19.4,20.4,20.0,19.7,11,577,561,1138,67,19.4,18.3,19.1,20.1,19.7,16,552,540,1093
New York,31,23.8,24.0,24.6,23.9,24.2,67,528,523,1052,27,24.5,24.2,24.2,24.9,24.2,79,534,534,1068
North Carolina,100,17.8,19.3,19.6,19.3,19.1,49,546,535,1081,100,19.1,18.0,19.3,19.5,19.2,52,554,543,1098
North Dakota,98,19.0,20.4,20.5,20.6,20.3,2,635,621,1256,98,20.3,19.1,20.3,20.7,20.5,2,640,643,1283
Ohio,75,21.2,21.6,22.5,22.0,22.0,12,578,570,1149,100,20.3,19.3,20.3,20.8,20.4,18,541,521,1062
Oklahoma,100,18.5,18.8,20.1,19.6,19.4,7,530,517,1047,100,19.3,18.4,18.8,20.1,19.4,8,552,547,1099
Oregon,40,21.2,21.5,22.4,21.7,21.8,43,560,548,1108,42,21.3,20.6,20.9,21.9,21.1,48,564,553,1117
Pennsylvania,23,23.4,23.4,24.2,23.3,23.7,65,540,531,1071,20,23.5,23.3,23.2,24.0,23.1,70,547,539,1086
Rhode Island,21,24.0,23.3,24.7,23.4,24.0,71,539,524,1062,15,24.2,24.4,23.6,25.0,23.5,97,513,505,1018
South Carolina,100,17.5,18.6,19.1,18.9,18.7,50,543,521,1064,100,18.3,17.3,18.2,18.6,18.5,55,547,523,1070
South Dakota,80,20.7,21.5,22.3,22.0,21.8,3,612,603,1216,77,21.9,20.8,21.6,22.4,22.2,3,622,618,1240
Tennessee,100,19.5,19.2,20.1,19.9,19.8,5,623,604,1228,100,19.6,19.4,19.1,19.9,19.6,6,624,607,1231
Texas,45,19.5,20.7,21.1,20.9,20.7,62,513,507,1020,41,20.6,19.6,20.6,21.1,20.8,66,520,512,1032
Utah,100,19.5,19.9,20.8,20.6,20.3,3,624,614,1238,100,20.4,19.7,19.9,20.9,20.5,4,618,612,1230
Vermont,29,23.3,23.1,24.4,23.2,23.6,60,562,551,1114,24,24.1,23.9,23.4,24.9,23.8,64,565,554,1120
Virginia,29,23.5,23.3,24.6,23.5,23.8,65,561,541,1102,24,23.9,23.8,23.3,24.7,23.5,68,567,550,1117
Washington,29,20.9,21.9,22.1,22.0,21.9,64,541,534,1075,24,22.2,21.4,22.2,22.7,22.0,69,543,538,1081
West Virginia,69,20.0,19.4,21.2,20.5,20.4,14,558,528,1086,65,20.3,19.8,19.4,21.3,20.4,28,513,486,999
Wisconsin,100,19.7,20.4,20.6,20.9,20.5,3,642,649,1291,100,20.5,19.8,20.3,20.6,20.8,3,641,653,1294
Wyoming,100,19.4,19.8,20.8,20.6,20.2,3,626,604,1230,100,20.0,19.0,19.7,20.6,20.3,3,633,625,1257
